<?xml version="1.0"?>
<!--<!DOCTYPE metadata SYSTEM "http://www.esri.com/metadata/esriprof80.dtd">-->
<metadata xml:lang="en"><Esri><CreaDate>20080515</CreaDate><CreaTime>11034900</CreaTime><SyncOnce>FALSE</SyncOnce><ModDate>20080515</ModDate><ModTime>11354200</ModTime><SyncDate>20080515</SyncDate><SyncTime>11354200</SyncTime><MetaID>{890EE312-887E-4F56-A401-C12BB6C507C3}</MetaID><DataProperties><lineage><Process ToolSource="C:\Program Files\ArcGIS\ArcToolbox\Toolboxes\Data Management Tools.tbx\CopyFeatures" Date="20080515" Time="113601">CopyFeatures T:\GIS\ALIS_Maintenance\Clearinghouse\geodatabases\AreaHydrography.mdb\AreaHydrography T:\GIS\ALIS_Maintenance\Clearinghouse\shapefiles\unzipped_shp\AreaHydrography.shp # 0 0 0</Process></lineage></DataProperties></Esri><idinfo><ptcontac><cntinfo><cntaddr><address>30 South Pearl Street </address><addrtype>mailing and physical address</addrtype><address>11th Floor</address><city>Albany</city><state>NY</state><postal>12207</postal><country>USA</country></cntaddr><cntorgp><cntorg>NYS Office of Cyber Security &amp; Critical Infrastructure Coordination (CSCIC)</cntorg></cntorgp><cntvoice>(518) 474-5212 </cntvoice><cntfax>(518) 473-5848 </cntfax><cntemail>nysgis@cscic.state.ny.us </cntemail></cntinfo></ptcontac><citation><citeinfo><origin>New York State Office of Cyber Security &amp; Critical Infrastructure Coordination (CSCIC)</origin><pubinfo><pubplace>Albany, NY</pubplace><publish>New York State Office of Cyber Security &amp; Critical Infrastructure Coordination (CSCIC)</publish></pubinfo><pubdate>200801</pubdate><onlink Sync="TRUE">\\CSSAN001\GroupFiles\GIS\ALIS_Maintenance\Clearinghouse\shapefiles\unzipped_shp\AreaHydrography.shp</onlink><title Sync="TRUE">AreaHydrography</title><ftname Sync="TRUE">AreaHydrography</ftname><geoform Sync="TRUE">vector digital data</geoform></citeinfo></citation><keywords><theme><themekey>ALIS</themekey><themekey>Accident Location Information System</themekey><themekt>None</themekt><themekey>Area</themekey><themekey>Hydrography</themekey><themekey>Lake</themekey><themekey>Resevoir</themekey><themekey>Pond</themekey><themekey>Water</themekey></theme></keywords><timeperd><current>publication date</current><timeinfo><sngdate><caldate>200801</caldate><time>unknown</time></sngdate></timeinfo></timeperd><status><progress>Complete</progress><update>Continually, as needed</update></status><browse><browsen>None</browsen><browsed>None</browsed><browset>None</browset></browse><descript><supplinf>This data was created as part of the Accident Location Information System (ALIS) project.  ALIS is a multi-agency project involving the NYS Office of Cyber Security &amp; Critical Infrastructure Coordination (CSCIC), the NYS Department of Motor Vehicles (DMV) and the NYS Department of Transportation (DOT). A major component of the ALIS Project was the creation of up-to-date statewide Geographic Information System (GIS) files.</supplinf><abstract>A vector file of area hydrography features such as lakes, ponds, reservoirs, major rivers, streams, canals, etc. in New 
York State.</abstract><purpose>A hydrography layer suitable for use in a GIS.</purpose><langdata Sync="TRUE">en</langdata></descript><native Sync="TRUE">Microsoft Windows XP Version 5.1 (Build 2600) Service Pack 2; ESRI ArcCatalog 9.2.1.1332</native><spdom><bounding><westbc Sync="TRUE">-79.975733</westbc><eastbc Sync="TRUE">-71.566327</eastbc><northbc Sync="TRUE">45.022860</northbc><southbc Sync="TRUE">40.387285</southbc></bounding><lboundng><leftbc Sync="TRUE">107250.470000</leftbc><rightbc Sync="TRUE">770761.810000</rightbc><bottombc Sync="TRUE">4481030.230000</bottombc><topbc Sync="TRUE">4985489.900000</topbc></lboundng></spdom><natvform Sync="TRUE">Shapefile</natvform><accconst>This file including derivative products are copyrighted by the New York State Office of Cyber Security and Critical Infrastructure Coordination © 2008. A signed license is required or access through the New York State GIS Data Sharing Cooperative. Such file and derivative products may be used for any lawful purpose except commercial resale provided the following statement appears on all electronic or hardcopy created products: "This file or derivative product was created with information copyrighted by the New York State Office of Cyber Security and Critical Infrastructure Coordination © 2008."</accconst><useconst>May not be redistributed, commercial use is prohibited with out special license arrangements.</useconst></idinfo><distinfo><distrib><cntinfo><cntaddr><address>30 South Pearl Street </address><address>11th Floor</address><addrtype>mailing and physical address</addrtype><city>Albany</city><state>NY</state><postal>12207</postal><country>USA</country></cntaddr><cntorgp><cntorg>NYS Office of Cyber Security &amp; Critical Infrastructure Coordination (CSCIC)</cntorg></cntorgp><cntvoice>(518) 474-5212 </cntvoice><cntfax>(518) 473-5848 </cntfax><cntemail>nysgis@cscic.state.ny.us </cntemail></cntinfo></distrib><distliab>None</distliab><resdesc Sync="TRUE">Downloadable Data</resdesc><stdorder><digform><digtinfo><transize Sync="TRUE">0.000</transize><dssize Sync="TRUE">0.000</dssize></digtinfo></digform></stdorder></distinfo><metainfo><metd Sync="TRUE">20080515</metd><metc><cntinfo><cntorgp><cntorg>New York State Office of Cyber Security &amp; Critical Infrastructure Coordination (CSCIC)</cntorg><cntper>John Borst</cntper></cntorgp><cntaddr><addrtype>mailing and physical address</addrtype><city>Albany</city><state>NY</state><postal>12207</postal><country>USA</country><address>30 South Pearl Street</address><address>11th Floor</address></cntaddr><cntvoice>518-474-5212</cntvoice><cntfax>518-473-5848</cntfax><cntemail>nysgis@cscic.state.ny.us</cntemail></cntinfo></metc><langmeta Sync="TRUE">en</langmeta><metstdn Sync="TRUE">FGDC Content Standards for Digital Geospatial Metadata</metstdn><metstdv Sync="TRUE">FGDC-STD-001-1998</metstdv><mettc Sync="TRUE">local time</mettc><metextns><onlink Sync="TRUE">http://www.esri.com/metadata/esriprof80.html</onlink><metprof Sync="TRUE">ESRI Metadata Profile</metprof></metextns></metainfo><mdDateSt Sync="TRUE">20080515</mdDateSt><dataqual><lineage><srcinfo/><procstep><procdesc>A Product &amp; Process Description (PPD) document is available for download on the NYS GIS Clearinghouse at:  http://www.nysgis.state.ny.us/gisdata/inventories/details.cfm?DSID=928

The PPD document describes the various data elements contained in this file and their requirements. For each data "layer" or "object, it will describe the relevant processes and procedures used to make this file.</procdesc></procstep><procstep><procdesc Sync="TRUE">Metadata imported.</procdesc><srcused Sync="TRUE">T:\GIS\ALIS_Maintenance\Clearinghouse\documents\xml_CSCIC\alis.hydrography.areahydrography.xml</srcused><date Sync="TRUE">20080515</date><time Sync="TRUE">11034900</time></procstep></lineage><posacc><horizpa><horizpar>The New York State Office of Cyber Security and Critical Infrastructure Coordination makes no claims to the accuracy of the information in this file.</horizpar></horizpa></posacc></dataqual><eainfo><overview><eadetcit>The Data Model and Data Dictionary documents are available for download on the NYS GIS Clearinghouse at: http://www.nysgis.state.ny.us/gisdata/inventories/details.cfm?DSID=928</eadetcit><eaover>The Data Model document defines the table structure(s) of the geographic data and shows the relationship(s) between these table(s).

The Data Dictionary document contains attribute field names and descriptions for the data used in the file. For field names with a domain value, more detailed information about the domain values can be found within the Data Model document.</eaover></overview><detailed Name="AreaHydrography"><attr><attrlabl Sync="TRUE">FCC</attrlabl><attalias Sync="TRUE">FCC</attalias><attrtype Sync="TRUE">String</attrtype><attwidth Sync="TRUE">3</attwidth><atprecis Sync="TRUE">0</atprecis><attscale Sync="TRUE">0</attscale></attr><enttyp><enttypl Sync="TRUE">AreaHydrography</enttypl><enttypt Sync="TRUE">Feature Class</enttypt><enttypc Sync="TRUE">0</enttypc></enttyp><attr><attrlabl Sync="TRUE">Name</attrlabl><attalias Sync="TRUE">Name</attalias><attrtype Sync="TRUE">String</attrtype><attwidth Sync="TRUE">40</attwidth><atprecis Sync="TRUE">0</atprecis><attscale Sync="TRUE">0</attscale></attr><attr><attrlabl Sync="TRUE">FID</attrlabl><attalias Sync="TRUE">FID</attalias><attrtype Sync="TRUE">String</attrtype><attwidth Sync="TRUE">40</attwidth><attrdef Sync="TRUE">Internal feature number.</attrdef><attrdefs Sync="TRUE">ESRI</attrdefs><attrdomv><udom Sync="TRUE">Sequential unique whole numbers that are automatically generated.</udom></attrdomv></attr><attr><attrlabl Sync="TRUE">NAME</attrlabl><attalias Sync="TRUE">NAME</attalias><attrtype Sync="TRUE">String</attrtype><attwidth Sync="TRUE">3</attwidth></attr><attr><attrlabl Sync="TRUE">Shape</attrlabl><attalias Sync="TRUE">Shape</attalias><attrtype Sync="TRUE">Float</attrtype><attwidth Sync="TRUE">19</attwidth><attrdef Sync="TRUE">Feature geometry.</attrdef><attrdefs Sync="TRUE">ESRI</attrdefs><attrdomv><udom Sync="TRUE">Coordinates defining the features.</udom></attrdomv><atnumdec Sync="TRUE">11</atnumdec></attr><attr><attrlabl Sync="TRUE">BUS_FID_Le</attrlabl><attalias Sync="TRUE">BUS_FID_Le</attalias><attrtype Sync="TRUE">Float</attrtype><attwidth Sync="TRUE">19</attwidth><atnumdec Sync="TRUE">11</atnumdec></attr><attr><attrlabl Sync="TRUE">BUS_FID_Ar</attrlabl><attalias Sync="TRUE">BUS_FID_Ar</attalias><attrtype Sync="TRUE">Double</attrtype><attwidth Sync="TRUE">19</attwidth><atprecis Sync="TRUE">0</atprecis><attscale Sync="TRUE">0</attscale></attr></detailed></eainfo><dataIdInfo><envirDesc Sync="TRUE">Microsoft Windows XP Version 5.1 (Build 2600) Service Pack 2; ESRI ArcCatalog 9.2.1.1332</envirDesc><dataLang><languageCode Sync="TRUE" value="en"></languageCode></dataLang><idCitation><resTitle Sync="TRUE">AreaHydrography</resTitle><presForm><PresFormCd Sync="TRUE" value="005"></PresFormCd></presForm></idCitation><spatRpType><SpatRepTypCd Sync="TRUE" value="001"></SpatRepTypCd></spatRpType><dataExt><geoEle><GeoBndBox esriExtentType="native"><westBL Sync="TRUE">107250.47</westBL><eastBL Sync="TRUE">770761.81</eastBL><northBL Sync="TRUE">4985489.9</northBL><southBL Sync="TRUE">4481030.23</southBL><exTypeCode Sync="TRUE">1</exTypeCode></GeoBndBox></geoEle></dataExt><geoBox esriExtentType="decdegrees"><westBL Sync="TRUE">-79.975733</westBL><eastBL Sync="TRUE">-71.566327</eastBL><northBL Sync="TRUE">45.02286</northBL><southBL Sync="TRUE">40.387285</southBL><exTypeCode Sync="TRUE">1</exTypeCode></geoBox></dataIdInfo><mdLang><languageCode Sync="TRUE" value="en"></languageCode></mdLang><mdStanName Sync="TRUE">ISO 19115 Geographic Information - Metadata</mdStanName><mdStanVer Sync="TRUE">DIS_ESRI1.0</mdStanVer><mdChar><CharSetCd Sync="TRUE" value="004"></CharSetCd></mdChar><mdHrLv><ScopeCd Sync="TRUE" value="005"></ScopeCd></mdHrLv><mdHrLvName Sync="TRUE">dataset</mdHrLvName><distInfo><distributor><distorTran><onLineSrc><orDesc Sync="TRUE">002</orDesc><linkage Sync="TRUE">file://\\CSSAN001\GroupFiles\GIS\ALIS_Maintenance\Clearinghouse\shapefiles\unzipped_shp\AreaHydrography.shp</linkage><protocol Sync="TRUE">Local Area Network</protocol></onLineSrc><transSize Sync="TRUE">0.000</transSize></distorTran><distorFormat><formatName Sync="TRUE">Shapefile</formatName></distorFormat></distributor></distInfo><spdoinfo><direct Sync="TRUE">Vector</direct><ptvctinf><esriterm Name="AreaHydrography"><efeatyp Sync="TRUE">Simple</efeatyp><efeageom Sync="TRUE">Polygon</efeageom><esritopo Sync="TRUE">FALSE</esritopo><efeacnt Sync="TRUE">0</efeacnt><spindex Sync="TRUE">FALSE</spindex><linrefer Sync="TRUE">FALSE</linrefer></esriterm><sdtsterm Name="AreaHydrography"><sdtstype Sync="TRUE">G-polygon</sdtstype><ptvctcnt Sync="TRUE">0</ptvctcnt></sdtsterm></ptvctinf></spdoinfo><spref><horizsys><cordsysn><geogcsn Sync="TRUE">GCS_North_American_1983</geogcsn><projcsn Sync="TRUE">NAD_1983_UTM_Zone_18N</projcsn></cordsysn><planar><planci><plance Sync="TRUE">coordinate pair</plance><plandu Sync="TRUE">meters</plandu><coordrep><absres Sync="TRUE">0.000000</absres><ordres Sync="TRUE">0.000000</ordres></coordrep></planci><gridsys><gridsysn Sync="TRUE">Universal Transverse Mercator</gridsysn><utm><utmzone Sync="TRUE">18</utmzone><transmer><sfctrmer Sync="TRUE">0.999600</sfctrmer><longcm Sync="TRUE">-75.000000</longcm><latprjo Sync="TRUE">0.000000</latprjo><feast Sync="TRUE">500000.000000</feast><fnorth Sync="TRUE">0.000000</fnorth></transmer></utm></gridsys></planar><geodetic><horizdn Sync="TRUE">North American Datum of 1983</horizdn><ellips Sync="TRUE">Geodetic Reference System 80</ellips><semiaxis Sync="TRUE">6378137.000000</semiaxis><denflat Sync="TRUE">298.257222</denflat></geodetic></horizsys><vertdef><altsys><altenc Sync="TRUE">Explicit elevation coordinate included with horizontal coordinates</altenc><altres Sync="TRUE">0.000122</altres></altsys></vertdef></spref><refSysInfo><RefSystem><refSysID><identCode Sync="TRUE">NAD_1983_UTM_Zone_18N</identCode></refSysID></RefSystem></refSysInfo><spatRepInfo><VectSpatRep><topLvl><TopoLevCd Sync="TRUE" value="001"></TopoLevCd></topLvl><geometObjs Name="AreaHydrography"><geoObjTyp><GeoObjTypCd Sync="TRUE" value="001"></GeoObjTypCd></geoObjTyp><geoObjCnt Sync="TRUE">0</geoObjCnt></geometObjs></VectSpatRep></spatRepInfo></metadata>
